"index","z","weight","y.near.separable","y.exactly.separable","flipped"
1,-0.2,0.999444598739616,0,0,FALSE
2,-0.18,0.999550101237048,1,0,TRUE
3,-0.16,0.999644507648596,0,0,FALSE
4,-0.14,0.999727814828237,0,0,FALSE
5,-0.12,0.99980001999966,0,0,FALSE
6,-0.1,0.999861120756416,0,0,FALSE
7,-0.08,0.999911115062053,0,0,FALSE
8,-0.06,0.999950001250227,0,0,FALSE
9,-0.04,0.9999777780248,0,0,FALSE
10,6,0.606530661218969,1,1,FALSE
