"chart_dim_rule","lambda_ridge","median_truth_rmse_delta","wins","n","selected_lambda_sync_median"
"auto",0,-0.0222373332132236,12,14,10
"local.auto",0,-0.0152307386097711,13,14,10
"auto",1e-10,-0.0131917781633329,12,14,10
"local.auto",1e-10,-0.0110440879222256,12,14,10
"auto",1e-08,-0.0152337816276501,12,14,10
"local.auto",1e-08,-0.0109475942543522,12,14,10
"auto",1e-06,-0.0142519381315201,12,14,10
"local.auto",1e-06,-0.0105747195441096,12,14,10
