"k","p","chart.dim","reps","cpp.seconds","r.svd.seconds","r.svd.over.cpp","max.singular.diff","projector.max.diff"
15,100,3,200,0.0960000000000001,0.0120000000000005,0.125000000000005,1.06581410364015e-14,5.26662047306559e-15
25,180,6,100,0.155999999999999,0.0169999999999995,0.108974358974356,4.2632564145606e-14,1.70696790036118e-15
35,100,12,80,0.187000000000001,0.0150000000000006,0.080213903743318,1.95399252334028e-14,1.27675647831893e-15
