"region","sum_rmse_component","n_points"
"Bv",-0.000186646286471758,28
"Lc",-4.62985074281316e-05,160
"Li",0.000422872900217468,183
"Gv",0.00219977546116438,129
