"local_dim","dim_deviation","sum_rmse_component","n_points"
1,-1,-0.000164214532728919,40
2,0,0.000648208255225037,410
3,1,0.00190570984498584,50
